"global_step","/data/horse/ws/paau122b-car-follwing/logs/02-03:16-04:11.10 - eval/mean_reward","/data/horse/ws/paau122b-car-follwing/logs/02-03:16-04:11.10 - eval/mean_reward__MIN","/data/horse/ws/paau122b-car-follwing/logs/02-03:16-04:11.10 - eval/mean_reward__MAX","/data/horse/ws/paau122b-car-follwing/logs/02-03:16-04:11.10 - _step","/data/horse/ws/paau122b-car-follwing/logs/02-03:16-04:11.10 - _step__MIN","/data/horse/ws/paau122b-car-follwing/logs/02-03:16-04:11.10 - _step__MAX"
"10000","14.33382","14.33382","14.33382","43","43","43"
"20000","53.17385","53.17385","53.17385","110","110","110"
"30000","47.92738","47.92738","47.92738","177","177","177"
"40000","34.142","34.142","34.142","244","244","244"
"50000","36.935997","36.935997","36.935997","311","311","311"
"60000","76.278404","76.278404","76.278404","378","378","378"
"70000","199.87898","199.87898","199.87898","445","445","445"
"80000","197.04172","197.04172","197.04172","512","512","512"
"90000","186.98616","186.98616","186.98616","566","566","566"
"100000","202.03459","202.03459","202.03459","633","633","633"
"110000","221.40126","221.40126","221.40126","700","700","700"
"120000","217.4087","217.4087","217.4087","767","767","767"
"130000","213.14436","213.14436","213.14436","834","834","834"
"140000","218.51396","218.51396","218.51396","901","901","901"
"150000","218.93001","218.93001","218.93001","968","968","968"
"160000","208.50653","208.50653","208.50653","1035","1035","1035"
"170000","211.60066","211.60066","211.60066","1102","1102","1102"
"180000","204.11826","204.11826","204.11826","1156","1156","1156"
"190000","216.16084","216.16084","216.16084","1223","1223","1223"
"200000","202.44502","202.44502","202.44502","1290","1290","1290"
"210000","205.02522","205.02522","205.02522","1357","1357","1357"
"220000","215.5835","215.5835","215.5835","1424","1424","1424"
"230000","214.03854","214.03854","214.03854","1491","1491","1491"
"240000","198.14922","198.14922","198.14922","1558","1558","1558"
"250000","211.36394","211.36394","211.36394","1625","1625","1625"
"260000","220.23099","220.23099","220.23099","1679","1679","1679"
"270000","223.25594","223.25594","223.25594","1746","1746","1746"
"280000","227.42285","227.42285","227.42285","1813","1813","1813"
"290000","231.7833","231.7833","231.7833","1880","1880","1880"
"300000","228.68307","228.68307","228.68307","1947","1947","1947"
"310000","225.27083","225.27083","225.27083","2014","2014","2014"
"320000","223.719","223.719","223.719","2081","2081","2081"
"330000","226.32814","226.32814","226.32814","2148","2148","2148"
"340000","61.879868","61.879868","61.879868","2215","2215","2215"
"350000","233.67096","233.67096","233.67096","2269","2269","2269"
"360000","240.56259","240.56259","240.56259","2336","2336","2336"
"370000","231.8435","231.8435","231.8435","2403","2403","2403"
"380000","219.85745","219.85745","219.85745","2470","2470","2470"
"390000","218.4673","218.4673","218.4673","2537","2537","2537"
"400000","228.33989","228.33989","228.33989","2604","2604","2604"
"410000","218.422","218.422","218.422","2671","2671","2671"
"420000","201.10689","201.10689","201.10689","2738","2738","2738"
"430000","205.35196","205.35196","205.35196","2792","2792","2792"
"440000","204.8985","204.8985","204.8985","2859","2859","2859"
"450000","221.71617","221.71617","221.71617","2926","2926","2926"
"460000","208.85532","208.85532","208.85532","2993","2993","2993"
"470000","196.3734","196.3734","196.3734","3060","3060","3060"
"480000","212.76326","212.76326","212.76326","3127","3127","3127"
"490000","181.31168","181.31168","181.31168","3194","3194","3194"
"500000","204.32436","204.32436","204.32436","3261","3261","3261"
"510000","205.21802","205.21802","205.21802","3328","3328","3328"
"520000","228.26965","228.26965","228.26965","3382","3382","3382"
"530000","210.20259","210.20259","210.20259","3449","3449","3449"
"540000","208.62598","208.62598","208.62598","3516","3516","3516"
"550000","201.26775","201.26775","201.26775","3583","3583","3583"
"560000","204.76645","204.76645","204.76645","3650","3650","3650"
"570000","216.78323","216.78323","216.78323","3717","3717","3717"
"580000","213.95775","213.95775","213.95775","3784","3784","3784"
"590000","218.83495","218.83495","218.83495","3851","3851","3851"
"600000","217.92213","217.92213","217.92213","3905","3905","3905"
"610000","218.11394","218.11394","218.11394","3972","3972","3972"
"620000","210.9879","210.9879","210.9879","4039","4039","4039"
"630000","224.96555","224.96555","224.96555","4106","4106","4106"
"640000","204.42897","204.42897","204.42897","4173","4173","4173"
"650000","229.99654","229.99654","229.99654","4240","4240","4240"
"660000","228.83038","228.83038","228.83038","4307","4307","4307"
"670000","226.50304","226.50304","226.50304","4374","4374","4374"
"680000","213.63843","213.63843","213.63843","4441","4441","4441"
"690000","221.60933","221.60933","221.60933","4495","4495","4495"
"700000","234.99734","234.99734","234.99734","4562","4562","4562"
"710000","228.45854","228.45854","228.45854","4629","4629","4629"
"720000","218.4028","218.4028","218.4028","4696","4696","4696"
"730000","221.25899","221.25899","221.25899","4763","4763","4763"
"740000","219.5844","219.5844","219.5844","4830","4830","4830"
"750000","198.428","198.428","198.428","4897","4897","4897"
"760000","202.36894","202.36894","202.36894","4964","4964","4964"
"770000","199.07246","199.07246","199.07246","5018","5018","5018"
"780000","207.49077","207.49077","207.49077","5085","5085","5085"
"790000","209.87317","209.87317","209.87317","5152","5152","5152"
"800000","217.4516","217.4516","217.4516","5219","5219","5219"
"810000","233.28352","233.28352","233.28352","5286","5286","5286"
"820000","230.14955","230.14955","230.14955","5353","5353","5353"
"830000","221.6663","221.6663","221.6663","5420","5420","5420"
"840000","225.1829","225.1829","225.1829","5487","5487","5487"
"850000","218.73405","218.73405","218.73405","5554","5554","5554"
"860000","211.41939","211.41939","211.41939","5608","5608","5608"
"870000","238.87791","238.87791","238.87791","5675","5675","5675"
"880000","234.40804","234.40804","234.40804","5742","5742","5742"
"890000","222.83508","222.83508","222.83508","5809","5809","5809"
"900000","222.75555","222.75555","222.75555","5876","5876","5876"
"910000","236.22484","236.22484","236.22484","5943","5943","5943"
"920000","238.45967","238.45967","238.45967","6010","6010","6010"
"930000","240.30203","240.30203","240.30203","6077","6077","6077"
"940000","234.22621","234.22621","234.22621","6131","6131","6131"
"950000","230.93004","230.93004","230.93004","6198","6198","6198"
"960000","234.6551","234.6551","234.6551","6265","6265","6265"
"970000","224.31601","224.31601","224.31601","6332","6332","6332"
"980000","223.23662","223.23662","223.23662","6399","6399","6399"
"990000","223.63942","223.63942","223.63942","6466","6466","6466"
"1000000","217.72641","217.72641","217.72641","6533","6533","6533"
"1010000","238.00513","238.00513","238.00513","6600","6600","6600"
"1020000","242.91434","242.91434","242.91434","6667","6667","6667"
"1030000","239.15135","239.15135","239.15135","6721","6721","6721"
"1040000","234.25641","234.25641","234.25641","6788","6788","6788"
"1050000","228.46411","228.46411","228.46411","6855","6855","6855"
"1060000","236.91777","236.91777","236.91777","6922","6922","6922"
"1070000","239.62325","239.62325","239.62325","6989","6989","6989"
"1080000","240.33975","240.33975","240.33975","7056","7056","7056"
"1090000","238.7441","238.7441","238.7441","7123","7123","7123"
"1100000","240.34648","240.34648","240.34648","7190","7190","7190"
"1110000","220.34067","220.34067","220.34067","7244","7244","7244"
"1120000","232.227","232.227","232.227","7311","7311","7311"
"1130000","242.2662","242.2662","242.2662","7378","7378","7378"
"1140000","237.8614","237.8614","237.8614","7445","7445","7445"
"1150000","247.43176","247.43176","247.43176","7512","7512","7512"
"1160000","243.24971","243.24971","243.24971","7579","7579","7579"
"1170000","249.20486","249.20486","249.20486","7646","7646","7646"
"1180000","242.44482","242.44482","242.44482","7713","7713","7713"
"1190000","243.6253","243.6253","243.6253","7780","7780","7780"
"1200000","233.84778","233.84778","233.84778","7834","7834","7834"
"1210000","236.98808","236.98808","236.98808","7901","7901","7901"
"1220000","243.29489","243.29489","243.29489","7968","7968","7968"
"1230000","228.65814","228.65814","228.65814","8035","8035","8035"
"1240000","237.15392","237.15392","237.15392","8102","8102","8102"
"1250000","238.8229","238.8229","238.8229","8169","8169","8169"
"1260000","241.3732","241.3732","241.3732","8236","8236","8236"
"1270000","244.26787","244.26787","244.26787","8303","8303","8303"
"1280000","242.73575","242.73575","242.73575","8357","8357","8357"
"1290000","241.6398","241.6398","241.6398","8424","8424","8424"
"1300000","233.77347","233.77347","233.77347","8491","8491","8491"
"1310000","242.15096","242.15096","242.15096","8558","8558","8558"
"1320000","245.44682","245.44682","245.44682","8625","8625","8625"
"1330000","247.51242","247.51242","247.51242","8692","8692","8692"
"1340000","247.28119","247.28119","247.28119","8759","8759","8759"
"1350000","251.15579","251.15579","251.15579","8826","8826","8826"
"1360000","250.15967","250.15967","250.15967","8893","8893","8893"
"1370000","243.10632","243.10632","243.10632","8947","8947","8947"
"1380000","243.81544","243.81544","243.81544","9014","9014","9014"
"1390000","245.247","245.247","245.247","9081","9081","9081"
"1400000","250.15594","250.15594","250.15594","9148","9148","9148"
"1410000","249.6916","249.6916","249.6916","9215","9215","9215"
"1420000","245.39484","245.39484","245.39484","9282","9282","9282"
"1430000","250.59131","250.59131","250.59131","9349","9349","9349"
"1440000","251.00833","251.00833","251.00833","9416","9416","9416"
"1450000","245.4945","245.4945","245.4945","9483","9483","9483"
"1460000","246.19894","246.19894","246.19894","9537","9537","9537"
"1470000","246.71863","246.71863","246.71863","9604","9604","9604"
"1480000","251.08237","251.08237","251.08237","9671","9671","9671"
"1490000","249.8644","249.8644","249.8644","9738","9738","9738"
"1500000","251.4027","251.4027","251.4027","9805","9805","9805"
"1510000","247.1947","247.1947","247.1947","9872","9872","9872"
"1520000","248.03557","248.03557","248.03557","9939","9939","9939"
"1530000","240.89839","240.89839","240.89839","10006","10006","10006"
"1540000","246.18196","246.18196","246.18196","10060","10060","10060"
"1550000","241.62439","241.62439","241.62439","10127","10127","10127"
"1560000","243.26735","243.26735","243.26735","10194","10194","10194"
"1570000","238.26389","238.26389","238.26389","10261","10261","10261"
"1580000","244.75217","244.75217","244.75217","10328","10328","10328"
"1590000","240.85251","240.85251","240.85251","10395","10395","10395"
"1600000","242.96902","242.96902","242.96902","10462","10462","10462"
"1610000","246.55795","246.55795","246.55795","10529","10529","10529"
"1620000","239.7548","239.7548","239.7548","10596","10596","10596"
"1630000","241.27843","241.27843","241.27843","10650","10650","10650"
"1640000","241.54861","241.54861","241.54861","10717","10717","10717"
"1650000","244.12129","244.12129","244.12129","10784","10784","10784"
"1660000","247.47377","247.47377","247.47377","10851","10851","10851"
"1670000","250.16365","250.16365","250.16365","10918","10918","10918"
"1680000","250.27214","250.27214","250.27214","10985","10985","10985"
"1690000","252.16998","252.16998","252.16998","11052","11052","11052"
"1700000","242.71646","242.71646","242.71646","11119","11119","11119"
"1710000","246.49878","246.49878","246.49878","11173","11173","11173"
"1720000","243.27855","243.27855","243.27855","11240","11240","11240"
"1730000","242.75273","242.75273","242.75273","11307","11307","11307"
"1740000","250.57964","250.57964","250.57964","11374","11374","11374"
"1750000","248.1484","248.1484","248.1484","11441","11441","11441"
"1760000","244.0327","244.0327","244.0327","11508","11508","11508"
"1770000","241.3826","241.3826","241.3826","11575","11575","11575"
"1780000","245.35521","245.35521","245.35521","11642","11642","11642"
"1790000","240.24629","240.24629","240.24629","11709","11709","11709"
"1800000","241.03593","241.03593","241.03593","11763","11763","11763"
"1810000","245.02562","245.02562","245.02562","11830","11830","11830"
"1820000","246.87459","246.87459","246.87459","11897","11897","11897"
"1830000","249.52687","249.52687","249.52687","11964","11964","11964"
"1840000","246.87509","246.87509","246.87509","12031","12031","12031"
"1850000","249.58481","249.58481","249.58481","12098","12098","12098"
"1860000","248.61534","248.61534","248.61534","12165","12165","12165"
"1870000","243.61931","243.61931","243.61931","12232","12232","12232"
"1880000","242.22348","242.22348","242.22348","12286","12286","12286"
"1890000","248.3276","248.3276","248.3276","12353","12353","12353"
"1900000","246.74673","246.74673","246.74673","12420","12420","12420"
"1910000","252.06538","252.06538","252.06538","12487","12487","12487"
"1920000","250.15169","250.15169","250.15169","12554","12554","12554"
"1930000","248.59947","248.59947","248.59947","12621","12621","12621"
"1940000","246.21545","246.21545","246.21545","12688","12688","12688"
"1950000","249.35684","249.35684","249.35684","12755","12755","12755"
"1960000","249.08607","249.08607","249.08607","12822","12822","12822"
"1970000","250.84242","250.84242","250.84242","12876","12876","12876"
"1980000","253.6809","253.6809","253.6809","12943","12943","12943"
"1990000","253.18623","253.18623","253.18623","13010","13010","13010"
"2000000","248.20294","248.20294","248.20294","13077","13077","13077"
"2010000","254.01299","254.01299","254.01299","13144","13144","13144"
"2020000","254.51573","254.51573","254.51573","13211","13211","13211"
"2030000","254.50577","254.50577","254.50577","13278","13278","13278"
"2040000","244.58649","244.58649","244.58649","13345","13345","13345"
"2050000","247.80977","247.80977","247.80977","13399","13399","13399"
"2060000","247.213","247.213","247.213","13466","13466","13466"
"2070000","246.49487","246.49487","246.49487","13533","13533","13533"
"2080000","246.45616","246.45616","246.45616","13600","13600","13600"
"2090000","241.86134","241.86134","241.86134","13667","13667","13667"
"2100000","243.97836","243.97836","243.97836","13734","13734","13734"
"2110000","254.11087","254.11087","254.11087","13801","13801","13801"
"2120000","251.54138","251.54138","251.54138","13868","13868","13868"
"2130000","248.89746","248.89746","248.89746","13935","13935","13935"
"2140000","252.49979","252.49979","252.49979","13989","13989","13989"
"2150000","249.27536","249.27536","249.27536","14056","14056","14056"
"2160000","248.45692","248.45692","248.45692","14123","14123","14123"
"2170000","247.09927","247.09927","247.09927","14190","14190","14190"
"2180000","250.35347","250.35347","250.35347","14257","14257","14257"
"2190000","246.27606","246.27606","246.27606","14324","14324","14324"
"2200000","253.88272","253.88272","253.88272","14391","14391","14391"
"2210000","254.15614","254.15614","254.15614","14458","14458","14458"
"2220000","253.3529","253.3529","253.3529","14512","14512","14512"
"2230000","250.17198","250.17198","250.17198","14579","14579","14579"
"2240000","251.99191","251.99191","251.99191","14646","14646","14646"
"2250000","254.3468","254.3468","254.3468","14713","14713","14713"
"2260000","255.05574","255.05574","255.05574","14780","14780","14780"
"2270000","251.4723","251.4723","251.4723","14847","14847","14847"
"2280000","251.2803","251.2803","251.2803","14914","14914","14914"
"2290000","247.92592","247.92592","247.92592","14981","14981","14981"
"2300000","246.35732","246.35732","246.35732","15048","15048","15048"
"2310000","249.14569","249.14569","249.14569","15102","15102","15102"
"2320000","250.24112","250.24112","250.24112","15169","15169","15169"
"2330000","249.97852","249.97852","249.97852","15236","15236","15236"
"2340000","254.61795","254.61795","254.61795","15303","15303","15303"
"2350000","255.63072","255.63072","255.63072","15370","15370","15370"
"2360000","253.8841","253.8841","253.8841","15437","15437","15437"
"2370000","252.65585","252.65585","252.65585","15504","15504","15504"
"2380000","252.67392","252.67392","252.67392","15571","15571","15571"
"2390000","253.49664","253.49664","253.49664","15625","15625","15625"
"2400000","252.54927","252.54927","252.54927","15692","15692","15692"
"2410000","249.66362","249.66362","249.66362","15759","15759","15759"
"2420000","255.15738","255.15738","255.15738","15826","15826","15826"
"2430000","246.97527","246.97527","246.97527","15893","15893","15893"
"2440000","253.39606","253.39606","253.39606","15960","15960","15960"
"2450000","255.95094","255.95094","255.95094","16027","16027","16027"
"2460000","249.25258","249.25258","249.25258","16094","16094","16094"
"2470000","253.19727","253.19727","253.19727","16161","16161","16161"
"2480000","254.36568","254.36568","254.36568","16215","16215","16215"
"2490000","253.15988","253.15988","253.15988","16282","16282","16282"
"2500000","254.46349","254.46349","254.46349","16349","16349","16349"
"2510000","252.89723","252.89723","252.89723","16416","16416","16416"
"2520000","251.55498","251.55498","251.55498","16483","16483","16483"
"2530000","252.38795","252.38795","252.38795","16550","16550","16550"
"2540000","250.054","250.054","250.054","16617","16617","16617"
"2550000","252.6571","252.6571","252.6571","16684","16684","16684"
"2560000","252.60207","252.60207","252.60207","16738","16738","16738"
"2570000","252.70477","252.70477","252.70477","16805","16805","16805"
"2580000","248.77005","248.77005","248.77005","16872","16872","16872"
"2590000","253.4618","253.4618","253.4618","16939","16939","16939"
"2600000","240.20535","240.20535","240.20535","17006","17006","17006"
"2610000","251.894","251.894","251.894","17073","17073","17073"
"2620000","249.95189","249.95189","249.95189","17140","17140","17140"
"2630000","254.11786","254.11786","254.11786","17207","17207","17207"
"2640000","254.43571","254.43571","254.43571","17274","17274","17274"
"2650000","254.75371","254.75371","254.75371","17328","17328","17328"
"2660000","253.17249","253.17249","253.17249","17395","17395","17395"
"2670000","252.16576","252.16576","252.16576","17462","17462","17462"
"2680000","251.88216","251.88216","251.88216","17529","17529","17529"
"2690000","254.36568","254.36568","254.36568","17596","17596","17596"
"2700000","255.42126","255.42126","255.42126","17663","17663","17663"
"2710000","255.05412","255.05412","255.05412","17730","17730","17730"
"2720000","255.46384","255.46384","255.46384","17797","17797","17797"
"2730000","252.86421","252.86421","252.86421","17864","17864","17864"
"2740000","252.06691","252.06691","252.06691","17918","17918","17918"
"2750000","254.1464","254.1464","254.1464","17985","17985","17985"
"2760000","253.79517","253.79517","253.79517","18052","18052","18052"
"2770000","251.31255","251.31255","251.31255","18119","18119","18119"
"2780000","254.95932","254.95932","254.95932","18186","18186","18186"
"2790000","254.0001","254.0001","254.0001","18253","18253","18253"
"2800000","253.26408","253.26408","253.26408","18320","18320","18320"
"2810000","254.27527","254.27527","254.27527","18387","18387","18387"
"2820000","249.88046","249.88046","249.88046","18441","18441","18441"
"2830000","252.22314","252.22314","252.22314","18508","18508","18508"
"2840000","253.49905","253.49905","253.49905","18575","18575","18575"
"2850000","252.85497","252.85497","252.85497","18642","18642","18642"
"2860000","251.09961","251.09961","251.09961","18709","18709","18709"
"2870000","252.32495","252.32495","252.32495","18776","18776","18776"
"2880000","254.53795","254.53795","254.53795","18843","18843","18843"
"2890000","252.37056","252.37056","252.37056","18910","18910","18910"
"2900000","251.90192","251.90192","251.90192","18977","18977","18977"
"2910000","254.95383","254.95383","254.95383","19031","19031","19031"
"2920000","254.03975","254.03975","254.03975","19098","19098","19098"
"2930000","255.4433","255.4433","255.4433","19165","19165","19165"
"2940000","253.65187","253.65187","253.65187","19232","19232","19232"
"2950000","251.93918","251.93918","251.93918","19299","19299","19299"
"2960000","253.53465","253.53465","253.53465","19366","19366","19366"
"2970000","252.51021","252.51021","252.51021","19433","19433","19433"
"2980000","254.13794","254.13794","254.13794","19500","19500","19500"
"2990000","251.24136","251.24136","251.24136","19554","19554","19554"
"3000000","251.26147","251.26147","251.26147","19621","19621","19621"
"3010000","249.34128","249.34128","249.34128","19688","19688","19688"
"3020000","250.85693","250.85693","250.85693","19755","19755","19755"
"3030000","254.781","254.781","254.781","19822","19822","19822"
"3040000","252.58383","252.58383","252.58383","19889","19889","19889"
"3050000","254.16287","254.16287","254.16287","19956","19956","19956"
"3060000","255.24303","255.24303","255.24303","20023","20023","20023"
"3070000","254.8671","254.8671","254.8671","20090","20090","20090"
"3080000","255.04492","255.04492","255.04492","20144","20144","20144"
"3090000","256.06915","256.06915","256.06915","20211","20211","20211"
"3100000","256.20395","256.20395","256.20395","20278","20278","20278"
"3110000","256.23962","256.23962","256.23962","20345","20345","20345"
"3120000","255.60196","255.60196","255.60196","20412","20412","20412"
"3130000","253.86873","253.86873","253.86873","20479","20479","20479"
"3140000","254.9521","254.9521","254.9521","20546","20546","20546"
"3150000","254.17854","254.17854","254.17854","20613","20613","20613"
"3160000","254.17845","254.17845","254.17845","20667","20667","20667"
"3170000","251.44655","251.44655","251.44655","20734","20734","20734"
"3180000","253.2241","253.2241","253.2241","20801","20801","20801"
"3190000","249.60226","249.60226","249.60226","20868","20868","20868"
"3200000","252.43295","252.43295","252.43295","20935","20935","20935"
"3210000","254.79915","254.79915","254.79915","21002","21002","21002"
"3220000","254.33421","254.33421","254.33421","21069","21069","21069"
"3230000","254.49384","254.49384","254.49384","21136","21136","21136"
"3240000","255.04901","255.04901","255.04901","21203","21203","21203"
"3250000","252.025","252.025","252.025","21257","21257","21257"
"3260000","251.47672","251.47672","251.47672","21324","21324","21324"
"3270000","251.42847","251.42847","251.42847","21391","21391","21391"
"3280000","252.04659","252.04659","252.04659","21458","21458","21458"
"3290000","253.63573","253.63573","253.63573","21525","21525","21525"
"3300000","251.78618","251.78618","251.78618","21592","21592","21592"
"3310000","255.04654","255.04654","255.04654","21659","21659","21659"
"3320000","255.5368","255.5368","255.5368","21726","21726","21726"
"3330000","255.50185","255.50185","255.50185","21780","21780","21780"
"3340000","255.65028","255.65028","255.65028","21847","21847","21847"
"3350000","256.88782","256.88782","256.88782","21914","21914","21914"
"3360000","240.74718","240.74718","240.74718","21981","21981","21981"
"3370000","239.99562","239.99562","239.99562","22048","22048","22048"
"3380000","251.87502","251.87502","251.87502","22115","22115","22115"
"3390000","254.44034","254.44034","254.44034","22182","22182","22182"
"3400000","255.64273","255.64273","255.64273","22249","22249","22249"
"3410000","255.19","255.19","255.19","22316","22316","22316"
"3420000","255.44608","255.44608","255.44608","22370","22370","22370"
"3430000","253.22556","253.22556","253.22556","22437","22437","22437"
"3440000","255.93529","255.93529","255.93529","22504","22504","22504"
"3450000","249.6741","249.6741","249.6741","22571","22571","22571"
"3460000","252.78493","252.78493","252.78493","22638","22638","22638"
"3470000","255.20393","255.20393","255.20393","22705","22705","22705"
"3480000","257.1056","257.1056","257.1056","22772","22772","22772"
"3490000","251.32771","251.32771","251.32771","22839","22839","22839"
"3500000","244.8309","244.8309","244.8309","22893","22893","22893"
"3510000","252.74924","252.74924","252.74924","22960","22960","22960"
"3520000","255.19316","255.19316","255.19316","23027","23027","23027"
"3530000","256.24637","256.24637","256.24637","23094","23094","23094"
"3540000","252.41635","252.41635","252.41635","23161","23161","23161"
"3550000","253.89348","253.89348","253.89348","23228","23228","23228"
"3560000","252.75314","252.75314","252.75314","23295","23295","23295"
"3570000","254.47905","254.47905","254.47905","23362","23362","23362"
"3580000","256.78897","256.78897","256.78897","23429","23429","23429"
"3590000","257.67603","257.67603","257.67603","23483","23483","23483"
"3600000","253.82959","253.82959","253.82959","23550","23550","23550"
"3610000","250.60602","250.60602","250.60602","23617","23617","23617"
"3620000","255.47029","255.47029","255.47029","23684","23684","23684"
"3630000","256.16238","256.16238","256.16238","23751","23751","23751"
"3640000","255.11127","255.11127","255.11127","23818","23818","23818"
"3650000","254.1708","254.1708","254.1708","23885","23885","23885"
"3660000","252.3822","252.3822","252.3822","23952","23952","23952"
"3670000","254.84406","254.84406","254.84406","24006","24006","24006"
"3680000","256.15717","256.15717","256.15717","24073","24073","24073"
"3690000","256.7321","256.7321","256.7321","24140","24140","24140"
"3700000","258.0704","258.0704","258.0704","24207","24207","24207"
"3710000","253.34961","253.34961","253.34961","24274","24274","24274"
"3720000","256.79367","256.79367","256.79367","24341","24341","24341"
"3730000","256.64883","256.64883","256.64883","24408","24408","24408"
"3740000","255.0745","255.0745","255.0745","24475","24475","24475"
"3750000","254.14424","254.14424","254.14424","24542","24542","24542"
"3760000","254.09258","254.09258","254.09258","24596","24596","24596"
"3770000","253.05098","253.05098","253.05098","24663","24663","24663"
"3780000","252.86101","252.86101","252.86101","24730","24730","24730"
"3790000","254.5041","254.5041","254.5041","24797","24797","24797"
"3800000","255.4643","255.4643","255.4643","24864","24864","24864"
"3810000","254.41907","254.41907","254.41907","24931","24931","24931"
"3820000","256.01633","256.01633","256.01633","24998","24998","24998"
"3830000","256.73688","256.73688","256.73688","25065","25065","25065"
"3840000","255.29497","255.29497","255.29497","25119","25119","25119"
"3850000","255.25966","255.25966","255.25966","25186","25186","25186"
"3860000","253.05905","253.05905","253.05905","25253","25253","25253"
"3870000","254.17134","254.17134","254.17134","25320","25320","25320"
"3880000","253.97346","253.97346","253.97346","25387","25387","25387"
"3890000","254.4925","254.4925","254.4925","25454","25454","25454"
"3900000","253.0597","253.0597","253.0597","25521","25521","25521"
"3910000","253.48552","253.48552","253.48552","25588","25588","25588"
"3920000","251.80812","251.80812","251.80812","25655","25655","25655"
"3930000","255.52893","255.52893","255.52893","25709","25709","25709"
"3940000","254.6241","254.6241","254.6241","25776","25776","25776"
"3950000","256.10764","256.10764","256.10764","25843","25843","25843"
"3960000","252.03297","252.03297","252.03297","25910","25910","25910"
"3970000","253.97902","253.97902","253.97902","25977","25977","25977"
"3980000","256.67477","256.67477","256.67477","26044","26044","26044"
"3990000","254.38109","254.38109","254.38109","26111","26111","26111"
"4000000","253.09726","253.09726","253.09726","26178","26178","26178"
"4010000","254.14465","254.14465","254.14465","26245","26245","26245"
"4020000","254.39775","254.39775","254.39775","26299","26299","26299"
"4030000","254.86026","254.86026","254.86026","26366","26366","26366"
"4040000","254.62894","254.62894","254.62894","26433","26433","26433"
"4050000","255.86981","255.86981","255.86981","26500","26500","26500"
"4060000","252.62769","252.62769","252.62769","26567","26567","26567"
"4070000","253.44997","253.44997","253.44997","26634","26634","26634"
"4080000","253.22375","253.22375","253.22375","26701","26701","26701"
"4090000","253.97498","253.97498","253.97498","26768","26768","26768"
"4100000","253.52344","253.52344","253.52344","26822","26822","26822"
"4110000","253.12354","253.12354","253.12354","26889","26889","26889"
"4120000","250.54558","250.54558","250.54558","26956","26956","26956"
"4130000","253.24931","253.24931","253.24931","27023","27023","27023"
"4140000","253.53749","253.53749","253.53749","27090","27090","27090"
"4150000","254.4312","254.4312","254.4312","27157","27157","27157"
"4160000","255.36436","255.36436","255.36436","27224","27224","27224"
"4170000","257.20297","257.20297","257.20297","27291","27291","27291"
"4180000","255.27664","255.27664","255.27664","27358","27358","27358"
"4190000","251.56036","251.56036","251.56036","27412","27412","27412"
"4200000","251.2711","251.2711","251.2711","27479","27479","27479"
"4210000","252.14532","252.14532","252.14532","27546","27546","27546"
"4220000","254.86952","254.86952","254.86952","27613","27613","27613"
"4230000","252.58257","252.58257","252.58257","27680","27680","27680"
"4240000","250.13988","250.13988","250.13988","27747","27747","27747"
"4250000","252.33861","252.33861","252.33861","27814","27814","27814"
"4260000","252.82489","252.82489","252.82489","27881","27881","27881"
"4270000","250.8432","250.8432","250.8432","27935","27935","27935"
"4280000","253.44585","253.44585","253.44585","28002","28002","28002"
"4290000","254.65967","254.65967","254.65967","28069","28069","28069"
"4300000","253.88426","253.88426","253.88426","28136","28136","28136"
"4310000","217.8304","217.8304","217.8304","28203","28203","28203"
"4320000","250.06993","250.06993","250.06993","28270","28270","28270"
"4330000","246.83101","246.83101","246.83101","28337","28337","28337"
"4340000","245.49704","245.49704","245.49704","28404","28404","28404"
"4350000","241.68816","241.68816","241.68816","28471","28471","28471"
"4360000","246.90723","246.90723","246.90723","28525","28525","28525"
"4370000","250.92242","250.92242","250.92242","28592","28592","28592"
"4380000","253.15947","253.15947","253.15947","28659","28659","28659"
"4390000","253.87552","253.87552","253.87552","28726","28726","28726"
"4400000","254.67526","254.67526","254.67526","28793","28793","28793"
"4410000","252.27211","252.27211","252.27211","28860","28860","28860"
"4420000","252.3388","252.3388","252.3388","28927","28927","28927"
"4430000","247.96777","247.96777","247.96777","28994","28994","28994"
"4440000","252.39159","252.39159","252.39159","29048","29048","29048"
"4450000","254.39328","254.39328","254.39328","29115","29115","29115"
"4460000","253.76802","253.76802","253.76802","29182","29182","29182"
"4470000","251.93144","251.93144","251.93144","29249","29249","29249"
"4480000","251.27008","251.27008","251.27008","29316","29316","29316"
"4490000","254.48221","254.48221","254.48221","29383","29383","29383"
"4500000","255.79416","255.79416","255.79416","29450","29450","29450"
"4510000","256.1074","256.1074","256.1074","29517","29517","29517"
"4520000","255.24583","255.24583","255.24583","29584","29584","29584"
"4530000","255.22993","255.22993","255.22993","29638","29638","29638"
"4540000","254.72795","254.72795","254.72795","29705","29705","29705"
"4550000","256.3805","256.3805","256.3805","29772","29772","29772"
"4560000","256.67245","256.67245","256.67245","29839","29839","29839"
"4570000","254.60234","254.60234","254.60234","29906","29906","29906"
"4580000","255.875","255.875","255.875","29973","29973","29973"
"4590000","255.62772","255.62772","255.62772","30040","30040","30040"
"4600000","255.67021","255.67021","255.67021","30107","30107","30107"
"4610000","254.81119","254.81119","254.81119","30161","30161","30161"
"4620000","254.30034","254.30034","254.30034","30228","30228","30228"
"4630000","255.67645","255.67645","255.67645","30295","30295","30295"
"4640000","252.86224","252.86224","252.86224","30362","30362","30362"
"4650000","252.3429","252.3429","252.3429","30429","30429","30429"
"4660000","255.99367","255.99367","255.99367","30496","30496","30496"
"4670000","256.76236","256.76236","256.76236","30563","30563","30563"
"4680000","254.04793","254.04793","254.04793","30630","30630","30630"
"4690000","251.61356","251.61356","251.61356","30697","30697","30697"
"4700000","254.18411","254.18411","254.18411","30751","30751","30751"
"4710000","256.64783","256.64783","256.64783","30818","30818","30818"
"4720000","255.48419","255.48419","255.48419","30885","30885","30885"
"4730000","254.2041","254.2041","254.2041","30952","30952","30952"
"4740000","254.45947","254.45947","254.45947","31019","31019","31019"
"4750000","250.56644","250.56644","250.56644","31086","31086","31086"
"4760000","251.59354","251.59354","251.59354","31153","31153","31153"
"4770000","255.88132","255.88132","255.88132","31220","31220","31220"
"4780000","256.30975","256.30975","256.30975","31274","31274","31274"
"4790000","256.34387","256.34387","256.34387","31341","31341","31341"
"4800000","255.50862","255.50862","255.50862","31408","31408","31408"
"4810000","253.36014","253.36014","253.36014","31475","31475","31475"
"4820000","252.62802","252.62802","252.62802","31542","31542","31542"
"4830000","250.9868","250.9868","250.9868","31609","31609","31609"
"4840000","251.88649","251.88649","251.88649","31676","31676","31676"
"4850000","252.15211","252.15211","252.15211","31743","31743","31743"
"4860000","250.50662","250.50662","250.50662","31810","31810","31810"
"4870000","250.13037","250.13037","250.13037","31864","31864","31864"
"4880000","251.7408","251.7408","251.7408","31931","31931","31931"
"4890000","253.44626","253.44626","253.44626","31998","31998","31998"
"4900000","252.25595","252.25595","252.25595","32065","32065","32065"
"4910000","253.17403","253.17403","253.17403","32132","32132","32132"
"4920000","253.17706","253.17706","253.17706","32199","32199","32199"
"4930000","251.78642","251.78642","251.78642","32266","32266","32266"
"4940000","254.37785","254.37785","254.37785","32333","32333","32333"
"4950000","255.38547","255.38547","255.38547","32387","32387","32387"
"4960000","254.14752","254.14752","254.14752","32454","32454","32454"
"4970000","253.62767","253.62767","253.62767","32521","32521","32521"
"4980000","251.37738","251.37738","251.37738","32588","32588","32588"
"4990000","245.06287","245.06287","245.06287","32655","32655","32655"
"5000000","247.88939","247.88939","247.88939","32722","32722","32722"
"5010000","253.96086","253.96086","253.96086","32789","32789","32789"
"5020000","257.24695","257.24695","257.24695","32856","32856","32856"
"5030000","256.57513","256.57513","256.57513","32923","32923","32923"
"5040000","255.7454","255.7454","255.7454","32977","32977","32977"
"5050000","254.93854","254.93854","254.93854","33044","33044","33044"
"5060000","256.45505","256.45505","256.45505","33111","33111","33111"
"5070000","256.42502","256.42502","256.42502","33178","33178","33178"
"5080000","257.52203","257.52203","257.52203","33245","33245","33245"
"5090000","256.57956","256.57956","256.57956","33312","33312","33312"
"5100000","258.243","258.243","258.243","33379","33379","33379"
"5110000","257.56683","257.56683","257.56683","33446","33446","33446"
"5120000","257.21545","257.21545","257.21545","33500","33500","33500"
"5130000","257.58188","257.58188","257.58188","33567","33567","33567"
"5140000","257.5517","257.5517","257.5517","33634","33634","33634"
"5150000","257.69916","257.69916","257.69916","33701","33701","33701"
"5160000","256.31848","256.31848","256.31848","33768","33768","33768"
"5170000","255.37402","255.37402","255.37402","33835","33835","33835"
"5180000","255.96799","255.96799","255.96799","33902","33902","33902"
"5190000","253.86821","253.86821","253.86821","33969","33969","33969"
"5200000","256.01077","256.01077","256.01077","34036","34036","34036"
"5210000","254.5638","254.5638","254.5638","34090","34090","34090"
"5220000","251.34302","251.34302","251.34302","34157","34157","34157"
"5230000","253.87352","253.87352","253.87352","34224","34224","34224"
"5240000","255.56395","255.56395","255.56395","34291","34291","34291"
"5250000","257.31717","257.31717","257.31717","34358","34358","34358"
"5260000","255.97519","255.97519","255.97519","34425","34425","34425"
"5270000","255.54497","255.54497","255.54497","34492","34492","34492"
"5280000","256.4209","256.4209","256.4209","34559","34559","34559"
"5290000","257.86005","257.86005","257.86005","34626","34626","34626"
"5300000","257.40363","257.40363","257.40363","34680","34680","34680"
"5310000","247.62042","247.62042","247.62042","34747","34747","34747"
"5320000","256.33047","256.33047","256.33047","34814","34814","34814"
"5330000","255.05516","255.05516","255.05516","34881","34881","34881"
"5340000","256.5718","256.5718","256.5718","34948","34948","34948"
"5350000","256.58353","256.58353","256.58353","35015","35015","35015"
"5360000","255.16093","255.16093","255.16093","35082","35082","35082"
"5370000","256.56555","256.56555","256.56555","35149","35149","35149"
"5380000","255.46819","255.46819","255.46819","35203","35203","35203"
"5390000","253.13576","253.13576","253.13576","35270","35270","35270"
"5400000","255.945","255.945","255.945","35337","35337","35337"
"5410000","253.43646","253.43646","253.43646","35404","35404","35404"
"5420000","253.71582","253.71582","253.71582","35471","35471","35471"
"5430000","257.63913","257.63913","257.63913","35538","35538","35538"
"5440000","258.084","258.084","258.084","35605","35605","35605"
"5450000","256.86377","256.86377","256.86377","35672","35672","35672"
"5460000","256.1413","256.1413","256.1413","35739","35739","35739"
"5470000","253.44139","253.44139","253.44139","35793","35793","35793"
"5480000","254.7784","254.7784","254.7784","35860","35860","35860"
"5490000","256.4396","256.4396","256.4396","35927","35927","35927"
"5500000","253.43987","253.43987","253.43987","35994","35994","35994"
"5510000","257.23685","257.23685","257.23685","36061","36061","36061"
"5520000","254.74323","254.74323","254.74323","36128","36128","36128"
"5530000","255.74707","255.74707","255.74707","36195","36195","36195"
"5540000","257.01886","257.01886","257.01886","36262","36262","36262"
"5550000","255.43481","255.43481","255.43481","36316","36316","36316"
"5560000","256.43542","256.43542","256.43542","36383","36383","36383"
"5570000","217.8145","217.8145","217.8145","36450","36450","36450"
"5580000","249.09627","249.09627","249.09627","36517","36517","36517"
"5590000","255.16722","255.16722","255.16722","36584","36584","36584"
"5600000","254.91672","254.91672","254.91672","36651","36651","36651"
"5610000","255.3291","255.3291","255.3291","36718","36718","36718"
"5620000","254.4044","254.4044","254.4044","36785","36785","36785"
"5630000","253.4981","253.4981","253.4981","36852","36852","36852"
"5640000","251.78574","251.78574","251.78574","36906","36906","36906"
"5650000","254.5978","254.5978","254.5978","36973","36973","36973"
"5660000","253.58986","253.58986","253.58986","37040","37040","37040"
"5670000","250.70818","250.70818","250.70818","37107","37107","37107"
"5680000","249.64716","249.64716","249.64716","37174","37174","37174"
"5690000","252.36055","252.36055","252.36055","37241","37241","37241"
"5700000","251.07582","251.07582","251.07582","37308","37308","37308"
"5710000","248.22302","248.22302","248.22302","37375","37375","37375"
"5720000","249.68542","249.68542","249.68542","37429","37429","37429"
"5730000","251.62723","251.62723","251.62723","37496","37496","37496"
"5740000","252.18661","252.18661","252.18661","37563","37563","37563"
"5750000","252.54436","252.54436","252.54436","37630","37630","37630"
"5760000","254.83119","254.83119","254.83119","37697","37697","37697"
"5770000","254.23141","254.23141","254.23141","37764","37764","37764"
"5780000","255.63306","255.63306","255.63306","37831","37831","37831"
"5790000","254.93001","254.93001","254.93001","37898","37898","37898"
"5800000","254.37488","254.37488","254.37488","37965","37965","37965"
"5810000","254.91536","254.91536","254.91536","38019","38019","38019"
"5820000","254.6003","254.6003","254.6003","38086","38086","38086"
"5830000","253.80135","253.80135","253.80135","38153","38153","38153"
"5840000","254.43881","254.43881","254.43881","38220","38220","38220"
"5850000","256.1246","256.1246","256.1246","38287","38287","38287"
"5860000","255.84741","255.84741","255.84741","38354","38354","38354"
"5870000","256.3079","256.3079","256.3079","38421","38421","38421"
"5880000","258.0558","258.0558","258.0558","38488","38488","38488"
"5890000","257.86966","257.86966","257.86966","38542","38542","38542"
"5900000","256.8592","256.8592","256.8592","38609","38609","38609"
"5910000","255.29219","255.29219","255.29219","38676","38676","38676"
"5920000","254.30931","254.30931","254.30931","38743","38743","38743"
"5930000","253.43948","253.43948","253.43948","38810","38810","38810"
"5940000","254.99875","254.99875","254.99875","38877","38877","38877"
"5950000","255.48067","255.48067","255.48067","38944","38944","38944"
"5960000","251.97241","251.97241","251.97241","39011","39011","39011"
"5970000","250.08617","250.08617","250.08617","39078","39078","39078"
"5980000","254.19116","254.19116","254.19116","39132","39132","39132"
"5990000","254.35997","254.35997","254.35997","39199","39199","39199"
"6000000","253.12256","253.12256","253.12256","39266","39266","39266"
"6010000","253.27357","253.27357","253.27357","39333","39333","39333"
"6020000","253.81744","253.81744","253.81744","39400","39400","39400"
"6030000","253.9187","253.9187","253.9187","39467","39467","39467"
"6040000","254.01407","254.01407","254.01407","39534","39534","39534"
"6050000","253.85205","253.85205","253.85205","39601","39601","39601"
"6060000","254.2196","254.2196","254.2196","39655","39655","39655"
"6070000","255.35117","255.35117","255.35117","39722","39722","39722"
"6080000","255.70671","255.70671","255.70671","39789","39789","39789"
"6090000","255.95612","255.95612","255.95612","39856","39856","39856"
"6100000","256.3924","256.3924","256.3924","39923","39923","39923"
"6110000","254.1633","254.1633","254.1633","39990","39990","39990"
"6120000","254.14455","254.14455","254.14455","40057","40057","40057"
"6130000","252.67255","252.67255","252.67255","40124","40124","40124"
"6140000","252.90857","252.90857","252.90857","40191","40191","40191"
"6150000","250.69725","250.69725","250.69725","40245","40245","40245"
"6160000","255.55212","255.55212","255.55212","40312","40312","40312"
"6170000","255.3097","255.3097","255.3097","40379","40379","40379"
"6180000","255.54489","255.54489","255.54489","40446","40446","40446"
"6190000","255.63127","255.63127","255.63127","40513","40513","40513"
"6200000","256.11993","256.11993","256.11993","40580","40580","40580"
"6210000","255.44075","255.44075","255.44075","40647","40647","40647"
"6220000","255.64345","255.64345","255.64345","40714","40714","40714"
"6230000","254.11316","254.11316","254.11316","40768","40768","40768"
"6240000","254.36172","254.36172","254.36172","40835","40835","40835"
"6250000","255.60588","255.60588","255.60588","40902","40902","40902"
"6260000","255.14983","255.14983","255.14983","40969","40969","40969"
"6270000","255.79654","255.79654","255.79654","41036","41036","41036"
"6280000","255.715","255.715","255.715","41103","41103","41103"
"6290000","254.95662","254.95662","254.95662","41170","41170","41170"
"6300000","256.07736","256.07736","256.07736","41237","41237","41237"
"6310000","253.36972","253.36972","253.36972","41304","41304","41304"
"6320000","250.90813","250.90813","250.90813","41358","41358","41358"
"6330000","251.35326","251.35326","251.35326","41425","41425","41425"
"6340000","255.27348","255.27348","255.27348","41492","41492","41492"
"6350000","255.19559","255.19559","255.19559","41559","41559","41559"
"6360000","255.51543","255.51543","255.51543","41626","41626","41626"
"6370000","253.20998","253.20998","253.20998","41693","41693","41693"
"6380000","250.92636","250.92636","250.92636","41760","41760","41760"
"6390000","252.06416","252.06416","252.06416","41827","41827","41827"
"6400000","253.29967","253.29967","253.29967","41881","41881","41881"
"6410000","254.56422","254.56422","254.56422","41948","41948","41948"
"6420000","254.99805","254.99805","254.99805","42015","42015","42015"
"6430000","256.49496","256.49496","256.49496","42082","42082","42082"
"6440000","257.07877","257.07877","257.07877","42149","42149","42149"
"6450000","253.67802","253.67802","253.67802","42216","42216","42216"
"6460000","257.45572","257.45572","257.45572","42283","42283","42283"
"6470000","258.49936","258.49936","258.49936","42350","42350","42350"
"6480000","258.30957","258.30957","258.30957","42417","42417","42417"
"6490000","257.2221","257.2221","257.2221","42471","42471","42471"
"6500000","255.82034","255.82034","255.82034","42538","42538","42538"
"6510000","255.58789","255.58789","255.58789","42605","42605","42605"
"6520000","255.24533","255.24533","255.24533","42672","42672","42672"
"6530000","255.77509","255.77509","255.77509","42739","42739","42739"
"6540000","256.5861","256.5861","256.5861","42806","42806","42806"
"6550000","256.31686","256.31686","256.31686","42873","42873","42873"
"6560000","256.40845","256.40845","256.40845","42940","42940","42940"
"6570000","253.39175","253.39175","253.39175","43007","43007","43007"
"6580000","254.58028","254.58028","254.58028","43061","43061","43061"
"6590000","255.43028","255.43028","255.43028","43128","43128","43128"
"6600000","255.75354","255.75354","255.75354","43195","43195","43195"
"6610000","253.20638","253.20638","253.20638","43262","43262","43262"
"6620000","254.93687","254.93687","254.93687","43329","43329","43329"
"6630000","254.88481","254.88481","254.88481","43396","43396","43396"
"6640000","255.72025","255.72025","255.72025","43463","43463","43463"
"6650000","256.63934","256.63934","256.63934","43530","43530","43530"
"6660000","257.05798","257.05798","257.05798","43584","43584","43584"
"6670000","257.14743","257.14743","257.14743","43651","43651","43651"
"6680000","256.793","256.793","256.793","43718","43718","43718"
"6690000","257.11987","257.11987","257.11987","43785","43785","43785"
"6700000","256.80548","256.80548","256.80548","43852","43852","43852"
"6710000","256.9445","256.9445","256.9445","43919","43919","43919"
"6720000","257.4412","257.4412","257.4412","43986","43986","43986"
"6730000","256.70624","256.70624","256.70624","44053","44053","44053"
"6740000","257.45364","257.45364","257.45364","44120","44120","44120"
"6750000","257.9187","257.9187","257.9187","44174","44174","44174"
"6760000","253.45499","253.45499","253.45499","44241","44241","44241"
"6770000","254.20338","254.20338","254.20338","44308","44308","44308"
"6780000","254.1856","254.1856","254.1856","44375","44375","44375"
"6790000","253.78352","253.78352","253.78352","44442","44442","44442"
"6800000","253.05197","253.05197","253.05197","44509","44509","44509"
"6810000","253.49564","253.49564","253.49564","44576","44576","44576"
"6820000","254.57887","254.57887","254.57887","44643","44643","44643"
"6830000","254.72107","254.72107","254.72107","44697","44697","44697"
"6840000","253.95552","253.95552","253.95552","44764","44764","44764"
"6850000","253.4195","253.4195","253.4195","44831","44831","44831"
"6860000","254.9109","254.9109","254.9109","44898","44898","44898"
"6870000","256.56403","256.56403","256.56403","44965","44965","44965"
"6880000","255.29321","255.29321","255.29321","45032","45032","45032"
"6890000","254.55817","254.55817","254.55817","45099","45099","45099"
"6900000","256.69815","256.69815","256.69815","45166","45166","45166"
"6910000","257.28903","257.28903","257.28903","45233","45233","45233"
"6920000","256.3158","256.3158","256.3158","45287","45287","45287"
"6930000","257.06174","257.06174","257.06174","45354","45354","45354"
"6940000","255.79477","255.79477","255.79477","45421","45421","45421"
"6950000","256.55505","256.55505","256.55505","45488","45488","45488"
"6960000","256.1294","256.1294","256.1294","45555","45555","45555"
"6970000","255.83566","255.83566","255.83566","45622","45622","45622"
"6980000","255.46648","255.46648","255.46648","45689","45689","45689"
"6990000","255.70999","255.70999","255.70999","45756","45756","45756"
"7000000","254.47942","254.47942","254.47942","45810","45810","45810"
"7010000","256.31393","256.31393","256.31393","45877","45877","45877"
"7020000","257.2033","257.2033","257.2033","45944","45944","45944"
"7030000","256.51047","256.51047","256.51047","46011","46011","46011"
"7040000","257.20108","257.20108","257.20108","46078","46078","46078"
"7050000","256.5529","256.5529","256.5529","46145","46145","46145"
"7060000","256.1752","256.1752","256.1752","46212","46212","46212"
"7070000","254.65875","254.65875","254.65875","46279","46279","46279"
"7080000","256.67853","256.67853","256.67853","46346","46346","46346"
"7090000","257.05432","257.05432","257.05432","46400","46400","46400"
"7100000","256.2976","256.2976","256.2976","46467","46467","46467"
"7110000","256.22446","256.22446","256.22446","46534","46534","46534"
"7120000","256.96255","256.96255","256.96255","46601","46601","46601"
"7130000","256.39038","256.39038","256.39038","46668","46668","46668"
"7140000","256.37524","256.37524","256.37524","46735","46735","46735"
"7150000","256.1562","256.1562","256.1562","46802","46802","46802"
"7160000","257.87256","257.87256","257.87256","46869","46869","46869"
"7170000","256.72452","256.72452","256.72452","46923","46923","46923"
"7180000","255.93108","255.93108","255.93108","46990","46990","46990"
"7190000","257.0139","257.0139","257.0139","47057","47057","47057"
"7200000","257.38806","257.38806","257.38806","47124","47124","47124"
"7210000","256.9769","256.9769","256.9769","47191","47191","47191"
"7220000","256.93768","256.93768","256.93768","47258","47258","47258"
"7230000","258.10248","258.10248","258.10248","47325","47325","47325"
"7240000","257.468","257.468","257.468","47392","47392","47392"
"7250000","257.33252","257.33252","257.33252","47459","47459","47459"
"7260000","256.4659","256.4659","256.4659","47513","47513","47513"
"7270000","256.8869","256.8869","256.8869","47580","47580","47580"
"7280000","256.02005","256.02005","256.02005","47647","47647","47647"
"7290000","253.88339","253.88339","253.88339","47714","47714","47714"
"7300000","255.02496","255.02496","255.02496","47781","47781","47781"
"7310000","255.07278","255.07278","255.07278","47848","47848","47848"
"7320000","252.78824","252.78824","252.78824","47915","47915","47915"
"7330000","255.76163","255.76163","255.76163","47982","47982","47982"
"7340000","254.89494","254.89494","254.89494","48036","48036","48036"
"7350000","253.58362","253.58362","253.58362","48103","48103","48103"
"7360000","253.738","253.738","253.738","48170","48170","48170"
"7370000","253.21187","253.21187","253.21187","48237","48237","48237"
"7380000","254.17966","254.17966","254.17966","48304","48304","48304"
"7390000","253.22456","253.22456","253.22456","48371","48371","48371"
"7400000","253.10747","253.10747","253.10747","48438","48438","48438"
"7410000","251.13974","251.13974","251.13974","48505","48505","48505"
"7420000","252.05249","252.05249","252.05249","48572","48572","48572"
"7430000","250.0949","250.0949","250.0949","48626","48626","48626"
"7440000","251.80582","251.80582","251.80582","48693","48693","48693"
"7450000","253.15533","253.15533","253.15533","48760","48760","48760"
"7460000","253.22237","253.22237","253.22237","48827","48827","48827"
"7470000","251.80011","251.80011","251.80011","48894","48894","48894"
"7480000","251.56593","251.56593","251.56593","48961","48961","48961"
"7490000","253.70857","253.70857","253.70857","49028","49028","49028"
"7500000","250.95233","250.95233","250.95233","49095","49095","49095"
"7510000","252.74675","252.74675","252.74675","49149","49149","49149"
"7520000","254.05176","254.05176","254.05176","49216","49216","49216"
"7530000","254.206","254.206","254.206","49283","49283","49283"
"7540000","254.89743","254.89743","254.89743","49350","49350","49350"
"7550000","253.92183","253.92183","253.92183","49417","49417","49417"
"7560000","253.77786","253.77786","253.77786","49484","49484","49484"
"7570000","253.72757","253.72757","253.72757","49551","49551","49551"
"7580000","255.15756","255.15756","255.15756","49618","49618","49618"
"7590000","254.45375","254.45375","254.45375","49685","49685","49685"
"7600000","251.44182","251.44182","251.44182","49739","49739","49739"
"7610000","252.50731","252.50731","252.50731","49806","49806","49806"
"7620000","254.93953","254.93953","254.93953","49873","49873","49873"
"7630000","255.1582","255.1582","255.1582","49940","49940","49940"
"7640000","255.86003","255.86003","255.86003","50007","50007","50007"
"7650000","253.66791","253.66791","253.66791","50074","50074","50074"
"7660000","256.1213","256.1213","256.1213","50141","50141","50141"
"7670000","255.9058","255.9058","255.9058","50208","50208","50208"
"7680000","255.78578","255.78578","255.78578","50262","50262","50262"
"7690000","254.71304","254.71304","254.71304","50329","50329","50329"
"7700000","256.24115","256.24115","256.24115","50396","50396","50396"
"7710000","253.35025","253.35025","253.35025","50463","50463","50463"
"7720000","254.58614","254.58614","254.58614","50530","50530","50530"
"7730000","254.55101","254.55101","254.55101","50597","50597","50597"
"7740000","255.56851","255.56851","255.56851","50664","50664","50664"
"7750000","256.6301","256.6301","256.6301","50731","50731","50731"
"7760000","255.61151","255.61151","255.61151","50798","50798","50798"
"7770000","256.52734","256.52734","256.52734","50852","50852","50852"
"7780000","255.13647","255.13647","255.13647","50919","50919","50919"
"7790000","254.61223","254.61223","254.61223","50986","50986","50986"
"7800000","254.62431","254.62431","254.62431","51053","51053","51053"
"7810000","253.85506","253.85506","253.85506","51120","51120","51120"
"7820000","252.87164","252.87164","252.87164","51187","51187","51187"
"7830000","252.79936","252.79936","252.79936","51254","51254","51254"
"7840000","254.39993","254.39993","254.39993","51321","51321","51321"
"7850000","253.3318","253.3318","253.3318","51388","51388","51388"
"7860000","250.43083","250.43083","250.43083","51442","51442","51442"
"7870000","251.42403","251.42403","251.42403","51509","51509","51509"
"7880000","252.72432","252.72432","252.72432","51576","51576","51576"
"7890000","252.57425","252.57425","252.57425","51643","51643","51643"
"7900000","254.67442","254.67442","254.67442","51710","51710","51710"
"7910000","254.97057","254.97057","254.97057","51777","51777","51777"
"7920000","253.63316","253.63316","253.63316","51844","51844","51844"
"7930000","253.48677","253.48677","253.48677","51911","51911","51911"
"7940000","252.4001","252.4001","252.4001","51965","51965","51965"
"7950000","249.5304","249.5304","249.5304","52032","52032","52032"
"7960000","254.86105","254.86105","254.86105","52099","52099","52099"
"7970000","254.20345","254.20345","254.20345","52166","52166","52166"
"7980000","254.78986","254.78986","254.78986","52233","52233","52233"
"7990000","255.27405","255.27405","255.27405","52300","52300","52300"
"8000000","253.08606","253.08606","253.08606","52367","52367","52367"
"8010000","255.34526","255.34526","255.34526","52434","52434","52434"
"8020000","255.03563","255.03563","255.03563","52501","52501","52501"
"8030000","253.87181","253.87181","253.87181","52555","52555","52555"
"8040000","254.62137","254.62137","254.62137","52622","52622","52622"
"8050000","252.50253","252.50253","252.50253","52689","52689","52689"
"8060000","252.40543","252.40543","252.40543","52756","52756","52756"
"8070000","251.85071","251.85071","251.85071","52823","52823","52823"
"8080000","248.50328","248.50328","248.50328","52890","52890","52890"
"8090000","250.90187","250.90187","250.90187","52957","52957","52957"
"8100000","252.71906","252.71906","252.71906","53024","53024","53024"
"8110000","252.82622","252.82622","252.82622","53078","53078","53078"
"8120000","250.94576","250.94576","250.94576","53145","53145","53145"
"8130000","248.47218","248.47218","248.47218","53212","53212","53212"
"8140000","249.88782","249.88782","249.88782","53279","53279","53279"
"8150000","250.70541","250.70541","250.70541","53346","53346","53346"
"8160000","253.60832","253.60832","253.60832","53413","53413","53413"
"8170000","251.61398","251.61398","251.61398","53480","53480","53480"
"8180000","253.15446","253.15446","253.15446","53547","53547","53547"
"8190000","252.79648","252.79648","252.79648","53614","53614","53614"
"8200000","251.02287","251.02287","251.02287","53668","53668","53668"
"8210000","252.60379","252.60379","252.60379","53735","53735","53735"
"8220000","253.2232","253.2232","253.2232","53802","53802","53802"
"8230000","253.76227","253.76227","253.76227","53869","53869","53869"
"8240000","254.39922","254.39922","254.39922","53936","53936","53936"
"8250000","254.31671","254.31671","254.31671","54003","54003","54003"
"8260000","252.45602","252.45602","252.45602","54070","54070","54070"
"8270000","252.58704","252.58704","252.58704","54137","54137","54137"
"8280000","251.86906","251.86906","251.86906","54191","54191","54191"
"8290000","252.0507","252.0507","252.0507","54258","54258","54258"
"8300000","251.67271","251.67271","251.67271","54325","54325","54325"
"8310000","253.64978","253.64978","253.64978","54392","54392","54392"
"8320000","252.63893","252.63893","252.63893","54459","54459","54459"
"8330000","253.43315","253.43315","253.43315","54526","54526","54526"
"8340000","254.48003","254.48003","254.48003","54593","54593","54593"
"8350000","255.22108","255.22108","255.22108","54660","54660","54660"
"8360000","254.8054","254.8054","254.8054","54727","54727","54727"
"8370000","255.38216","255.38216","255.38216","54781","54781","54781"
"8380000","254.73175","254.73175","254.73175","54848","54848","54848"
"8390000","253.59245","253.59245","253.59245","54915","54915","54915"
"8400000","251.15111","251.15111","251.15111","54982","54982","54982"
"8410000","251.81532","251.81532","251.81532","55049","55049","55049"
"8420000","251.01195","251.01195","251.01195","55116","55116","55116"
"8430000","252.27156","252.27156","252.27156","55183","55183","55183"
"8440000","253.20168","253.20168","253.20168","55250","55250","55250"
"8450000","253.3535","253.3535","253.3535","55304","55304","55304"
"8460000","252.38861","252.38861","252.38861","55371","55371","55371"
"8470000","252.59596","252.59596","252.59596","55438","55438","55438"
"8480000","252.78429","252.78429","252.78429","55505","55505","55505"
"8490000","252.96678","252.96678","252.96678","55572","55572","55572"
"8500000","254.02176","254.02176","254.02176","55639","55639","55639"
"8510000","255.33638","255.33638","255.33638","55706","55706","55706"
"8520000","254.85431","254.85431","254.85431","55773","55773","55773"
"8530000","252.14357","252.14357","252.14357","55840","55840","55840"
"8540000","252.86496","252.86496","252.86496","55894","55894","55894"
"8550000","250.177","250.177","250.177","55961","55961","55961"
"8560000","249.87396","249.87396","249.87396","56028","56028","56028"
"8570000","249.00542","249.00542","249.00542","56095","56095","56095"
"8580000","252.37183","252.37183","252.37183","56162","56162","56162"
"8590000","251.74707","251.74707","251.74707","56229","56229","56229"
"8600000","252.65288","252.65288","252.65288","56296","56296","56296"
"8610000","252.6503","252.6503","252.6503","56363","56363","56363"
"8620000","254.03273","254.03273","254.03273","56417","56417","56417"
"8630000","252.6413","252.6413","252.6413","56484","56484","56484"
"8640000","254.79898","254.79898","254.79898","56551","56551","56551"
"8650000","254.78558","254.78558","254.78558","56618","56618","56618"
"8660000","254.44283","254.44283","254.44283","56685","56685","56685"
"8670000","254.39233","254.39233","254.39233","56752","56752","56752"
"8680000","256.0534","256.0534","256.0534","56819","56819","56819"
"8690000","256.01727","256.01727","256.01727","56886","56886","56886"
"8700000","256.9445","256.9445","256.9445","56953","56953","56953"
"8710000","256.5061","256.5061","256.5061","57007","57007","57007"
"8720000","256.22623","256.22623","256.22623","57074","57074","57074"
"8730000","256.63766","256.63766","256.63766","57141","57141","57141"
"8740000","256.26434","256.26434","256.26434","57208","57208","57208"
"8750000","256.79678","256.79678","256.79678","57275","57275","57275"
"8760000","257.27066","257.27066","257.27066","57342","57342","57342"
"8770000","256.4507","256.4507","256.4507","57409","57409","57409"
"8780000","256.34546","256.34546","256.34546","57476","57476","57476"
"8790000","255.12802","255.12802","255.12802","57530","57530","57530"
"8800000","256.89502","256.89502","256.89502","57597","57597","57597"
"8810000","254.89084","254.89084","254.89084","57664","57664","57664"
"8820000","255.65805","255.65805","255.65805","57731","57731","57731"
"8830000","254.85","254.85","254.85","57798","57798","57798"
"8840000","255.02966","255.02966","255.02966","57865","57865","57865"
"8850000","254.78","254.78","254.78","57932","57932","57932"
"8860000","255.01125","255.01125","255.01125","57999","57999","57999"
"8870000","254.91466","254.91466","254.91466","58066","58066","58066"
"8880000","255.28157","255.28157","255.28157","58120","58120","58120"
"8890000","253.45348","253.45348","253.45348","58187","58187","58187"
"8900000","251.83824","251.83824","251.83824","58254","58254","58254"
"8910000","252.26787","252.26787","252.26787","58321","58321","58321"
"8920000","254.55461","254.55461","254.55461","58388","58388","58388"
"8930000","256.23245","256.23245","256.23245","58455","58455","58455"
"8940000","258.03644","258.03644","258.03644","58522","58522","58522"
"8950000","257.7296","257.7296","257.7296","58589","58589","58589"
"8960000","257.97415","257.97415","257.97415","58643","58643","58643"
"8970000","256.85266","256.85266","256.85266","58710","58710","58710"
"8980000","258.04733","258.04733","258.04733","58777","58777","58777"
"8990000","258.05066","258.05066","258.05066","58844","58844","58844"
"9000000","257.8599","257.8599","257.8599","58911","58911","58911"
"9010000","256.60394","256.60394","256.60394","58978","58978","58978"
"9020000","257.44962","257.44962","257.44962","59045","59045","59045"
"9030000","257.65356","257.65356","257.65356","59112","59112","59112"
"9040000","257.0061","257.0061","257.0061","59179","59179","59179"
"9050000","257.6689","257.6689","257.6689","59233","59233","59233"
"9060000","256.0059","256.0059","256.0059","59300","59300","59300"
"9070000","255.65631","255.65631","255.65631","59367","59367","59367"
"9080000","255.65083","255.65083","255.65083","59434","59434","59434"
"9090000","254.6732","254.6732","254.6732","59501","59501","59501"
"9100000","255.93556","255.93556","255.93556","59568","59568","59568"
"9110000","256.50546","256.50546","256.50546","59635","59635","59635"
"9120000","255.3878","255.3878","255.3878","59702","59702","59702"
"9130000","254.34631","254.34631","254.34631","59769","59769","59769"
"9140000","255.51376","255.51376","255.51376","59823","59823","59823"
"9150000","255.96611","255.96611","255.96611","59890","59890","59890"
"9160000","256.5033","256.5033","256.5033","59957","59957","59957"
"9170000","255.69022","255.69022","255.69022","60024","60024","60024"
"9180000","255.93697","255.93697","255.93697","60091","60091","60091"
"9190000","255.44069","255.44069","255.44069","60158","60158","60158"
"9200000","253.7961","253.7961","253.7961","60225","60225","60225"
"9210000","254.51527","254.51527","254.51527","60292","60292","60292"
"9220000","255.41707","255.41707","255.41707","60346","60346","60346"
"9230000","254.59776","254.59776","254.59776","60413","60413","60413"
"9240000","255.0047","255.0047","255.0047","60480","60480","60480"
"9250000","255.04234","255.04234","255.04234","60547","60547","60547"
"9260000","253.00746","253.00746","253.00746","60614","60614","60614"
"9270000","255.08899","255.08899","255.08899","60681","60681","60681"
"9280000","255.85991","255.85991","255.85991","60748","60748","60748"
"9290000","256.05383","256.05383","256.05383","60815","60815","60815"
"9300000","254.68886","254.68886","254.68886","60882","60882","60882"
"9310000","256.21945","256.21945","256.21945","60936","60936","60936"
"9320000","256.4122","256.4122","256.4122","61003","61003","61003"
"9330000","256.9995","256.9995","256.9995","61070","61070","61070"
"9340000","256.33493","256.33493","256.33493","61137","61137","61137"
"9350000","256.33612","256.33612","256.33612","61204","61204","61204"
"9360000","257.02673","257.02673","257.02673","61271","61271","61271"
"9370000","254.78218","254.78218","254.78218","61338","61338","61338"
"9380000","254.82481","254.82481","254.82481","61405","61405","61405"
"9390000","255.91928","255.91928","255.91928","61459","61459","61459"
"9400000","255.12921","255.12921","255.12921","61526","61526","61526"
"9410000","250.64357","250.64357","250.64357","61593","61593","61593"
"9420000","250.7881","250.7881","250.7881","61660","61660","61660"
"9430000","252.69592","252.69592","252.69592","61727","61727","61727"
"9440000","254.9531","254.9531","254.9531","61794","61794","61794"
"9450000","254.97232","254.97232","254.97232","61861","61861","61861"
"9460000","256.26712","256.26712","256.26712","61928","61928","61928"
"9470000","255.15297","255.15297","255.15297","61995","61995","61995"
"9480000","255.27698","255.27698","255.27698","62049","62049","62049"
"9490000","255.16402","255.16402","255.16402","62116","62116","62116"
"9500000","254.0519","254.0519","254.0519","62183","62183","62183"
"9510000","254.93655","254.93655","254.93655","62250","62250","62250"
"9520000","255.03278","255.03278","255.03278","62317","62317","62317"
"9530000","254.00204","254.00204","254.00204","62384","62384","62384"
"9540000","254.3464","254.3464","254.3464","62451","62451","62451"
"9550000","251.81047","251.81047","251.81047","62518","62518","62518"
"9560000","253.5553","253.5553","253.5553","62572","62572","62572"
"9570000","255.12793","255.12793","255.12793","62639","62639","62639"
"9580000","256.55396","256.55396","256.55396","62706","62706","62706"
"9590000","256.20123","256.20123","256.20123","62773","62773","62773"
"9600000","256.447","256.447","256.447","62840","62840","62840"
"9610000","257.12805","257.12805","257.12805","62907","62907","62907"
"9620000","256.92697","256.92697","256.92697","62974","62974","62974"
"9630000","254.0335","254.0335","254.0335","63041","63041","63041"
"9640000","256.40027","256.40027","256.40027","63108","63108","63108"
"9650000","256.0345","256.0345","256.0345","63162","63162","63162"
"9660000","254.8767","254.8767","254.8767","63229","63229","63229"
"9670000","255.58409","255.58409","255.58409","63296","63296","63296"
"9680000","256.4514","256.4514","256.4514","63363","63363","63363"
"9690000","253.50317","253.50317","253.50317","63430","63430","63430"
"9700000","253.34044","253.34044","253.34044","63497","63497","63497"
"9710000","255.6033","255.6033","255.6033","63564","63564","63564"
"9720000","256.01288","256.01288","256.01288","63631","63631","63631"
"9730000","256.1603","256.1603","256.1603","63685","63685","63685"
"9740000","255.84366","255.84366","255.84366","63752","63752","63752"
"9750000","254.45824","254.45824","254.45824","63819","63819","63819"
"9760000","256.04782","256.04782","256.04782","63886","63886","63886"
"9770000","255.81526","255.81526","255.81526","63953","63953","63953"
"9780000","256.4701","256.4701","256.4701","64020","64020","64020"
"9790000","255.82866","255.82866","255.82866","64087","64087","64087"
"9800000","257.73575","257.73575","257.73575","64154","64154","64154"
"9810000","255.61066","255.61066","255.61066","64221","64221","64221"
"9820000","254.0134","254.0134","254.0134","64275","64275","64275"
"9830000","257.37915","257.37915","257.37915","64342","64342","64342"
"9840000","256.87625","256.87625","256.87625","64409","64409","64409"
"9850000","256.58948","256.58948","256.58948","64476","64476","64476"
"9860000","256.28345","256.28345","256.28345","64543","64543","64543"
"9870000","256.492","256.492","256.492","64610","64610","64610"
"9880000","257.02185","257.02185","257.02185","64677","64677","64677"
"9890000","256.99823","256.99823","256.99823","64744","64744","64744"
"9900000","254.81396","254.81396","254.81396","64798","64798","64798"
"9910000","256.81232","256.81232","256.81232","64865","64865","64865"
"9920000","255.26378","255.26378","255.26378","64932","64932","64932"
"9930000","254.19896","254.19896","254.19896","64999","64999","64999"
"9940000","255.56087","255.56087","255.56087","65066","65066","65066"
"9950000","254.20306","254.20306","254.20306","65133","65133","65133"
"9960000","256.23117","256.23117","256.23117","65200","65200","65200"
"9970000","257.66226","257.66226","257.66226","65267","65267","65267"
"9980000","257.23026","257.23026","257.23026","65334","65334","65334"
"9990000","256.32016","256.32016","256.32016","65388","65388","65388"
"10000000","256.367","256.367","256.367","65455","65455","65455"