global_step,eval_reward
10000,-6.4323945
20000,-4.673085
30000,-0.018384105
40000,48.512024
50000,17.003056
60000,32.463726
70000,83.87619
80000,129.42331
90000,220.16656
100000,205.41513
110000,227.72318
120000,206.27835
130000,203.61644
140000,197.7236
150000,200.38689
160000,203.85243
170000,205.73563
180000,189.22905
190000,197.51654
200000,203.26686
210000,212.21004
220000,213.21219
230000,215.95108
240000,212.56009
250000,215.94154
260000,211.9317
270000,186.645
280000,178.95247
290000,187.2073
300000,187.1981
310000,210.57712
320000,222.21222
330000,204.34967
340000,195.35562
350000,210.49045
360000,226.71542
370000,224.02148
380000,219.12137
390000,216.74057
400000,198.31
410000,211.60782
420000,182.76251
430000,185.65202
440000,184.72942
450000,93.68965
460000,205.43204
470000,197.94699
480000,190.74915
490000,173.5333
500000,183.23514
510000,180.87343
520000,204.89717
530000,209.5537
540000,192.55829
550000,225.59932
560000,211.28479
570000,209.70914
580000,218.95288
590000,193.85542
600000,206.90587
610000,212.91823
620000,218.21317
630000,224.14857
640000,214.73077
650000,202.4914
660000,216.82964
670000,221.78561
680000,227.3672
690000,209.07428
700000,212.3246
710000,234.93495
720000,240.91736
730000,230.85529
740000,226.74771
750000,214.54396
760000,232.9522
770000,235.69131
780000,236.04868
790000,233.82127
800000,236.23666
810000,229.57637
820000,237.88383
830000,236.26949
840000,225.44704
850000,221.51358
860000,223.0239
870000,230.67783
880000,234.66963
890000,203.98314
900000,211.3578
910000,213.93962
920000,244.18492
930000,235.7014
940000,235.38815
950000,226.82462
960000,232.41574
970000,228.92917
980000,221.33954
990000,230.39342
1000000,236.33025
1010000,237.30234
1020000,237.30524
1030000,227.77257
1040000,224.79909
1050000,224.31738
1060000,234.54407
1070000,241.82906
1080000,232.38437
1090000,232.6889
1100000,234.00845
1110000,237.27127
1120000,239.7592
1130000,243.38855
1140000,237.23294
1150000,237.62016
1160000,240.74658
1170000,246.16745
1180000,239.08958
1190000,236.12209
1200000,226.74254
1210000,226.90477
1220000,238.8055
1230000,239.19034
1240000,234.06674
1250000,231.15778
1260000,237.75128
1270000,232.6542
1280000,223.25703
1290000,230.74867
1300000,231.80109
1310000,236.57993
1320000,230.19232
1330000,233.3879
1340000,237.31345
1350000,164.99716
1360000,193.96648
1370000,239.4719
1380000,238.89613
1390000,235.77312
1400000,237.56133
1410000,221.93382
1420000,225.44948
1430000,229.75096
1440000,224.78238
1450000,241.41052
1460000,198.70398
1470000,246.14867
1480000,243.30316
1490000,248.08452
1500000,250.19823
1510000,252.58339
1520000,253.4383
1530000,249.73277
1540000,252.41212
1550000,249.81259
1560000,248.17775
1570000,241.60413
1580000,247.31041
1590000,246.64644
1600000,243.92542
1610000,244.80754
1620000,246.5742
1630000,242.42441
1640000,247.97934
1650000,247.0886
1660000,246.10342
1670000,251.75586
1680000,249.53226
1690000,247.92142
1700000,244.31122
1710000,241.5411
1720000,223.25185
1730000,246.46663
1740000,241.40628
1750000,252.42474
1760000,251.30772
1770000,249.9985
1780000,249.0686
1790000,242.12726
1800000,245.6031
1810000,245.10927
1820000,239.85443
1830000,246.11665
1840000,239.4295
1850000,240.99484
1860000,239.0352
1870000,239.42038
1880000,245.89192
1890000,243.56409
1900000,240.81094
1910000,244.39584
1920000,243.96307
1930000,247.95287
1940000,247.46535
1950000,239.25749
1960000,249.01027
1970000,249.58054
1980000,239.59105
1990000,245.55533
2000000,249.4076
2010000,252.03642
2020000,246.58727
2030000,246.56541
2040000,246.17757
2050000,249.83437
2060000,247.05771
2070000,248.56136
2080000,249.36008
2090000,250.87195
2100000,252.5616
2110000,250.03438
2120000,247.58386
2130000,251.553
2140000,244.56335
2150000,242.783
2160000,248.08383
2170000,244.35762
2180000,251.39154
2190000,250.05586
2200000,250.08943
2210000,252.72583
2220000,251.64201
2230000,248.6546
2240000,253.77623
2250000,252.75821
2260000,250.85422
2270000,251.74605
2280000,252.32048
2290000,250.84789
2300000,249.39641
2310000,251.6603
2320000,249.81715
2330000,250.44046
2340000,253.50085
2350000,248.436
2360000,248.98643
2370000,248.74915
2380000,251.439
2390000,248.16902
2400000,241.89679
2410000,243.26765
2420000,250.1627
2430000,248.3318
2440000,245.81451
2450000,250.3711
2460000,250.59378
2470000,248.31595
2480000,250.07367
2490000,247.47739
2500000,252.58177
2510000,252.49597
2520000,251.12737
2530000,244.6487
2540000,253.07411
2550000,253.58134
2560000,254.57271
2570000,251.57976
2580000,254.82898
2590000,252.89474
2600000,254.29773
2610000,255.81651
2620000,255.60399
2630000,255.74559
2640000,256.06516
2650000,256.0041
2660000,255.54588
2670000,255.79115
2680000,254.75487
2690000,254.11671
2700000,250.91429
2710000,251.75668
2720000,252.2482
2730000,251.51665
2740000,248.8027
2750000,252.26848
2760000,250.17377
2770000,252.12547
2780000,248.04948
2790000,252.06136
2800000,253.0341
2810000,248.03575
2820000,245.23999
2830000,241.94104
2840000,247.5901
2850000,246.39108
2860000,239.61476
2870000,242.23097
2880000,240.57303
2890000,243.70633
2900000,246.19418
2910000,245.17892
2920000,244.23802
2930000,244.98286
2940000,249.59242
2950000,248.06644
2960000,250.86494
2970000,251.77066
2980000,250.10262
2990000,254.07115
3000000,253.15596
3010000,251.52281
3020000,252.28545
3030000,254.95067
3040000,253.6685
3050000,253.36786
3060000,250.1535
3070000,247.99648
3080000,249.38661
3090000,248.86827
3100000,249.2149
3110000,246.58936
3120000,249.165
3130000,244.20612
3140000,237.93124
3150000,245.81519
3160000,247.65936
3170000,248.91325
3180000,247.19221
3190000,243.13411
3200000,238.09993
3210000,243.1714
3220000,246.79248
3230000,247.72203
3240000,254.74992
3250000,253.93071
3260000,253.00365
3270000,251.7516
3280000,254.8183
3290000,255.28668
3300000,253.60883
3310000,254.41805
3320000,254.76376
3330000,254.93315
3340000,255.87135
3350000,254.11308
3360000,254.03651
3370000,253.53311
3380000,251.53716
3390000,251.54893
3400000,250.60153
3410000,253.86446
3420000,249.82095
3430000,254.49295
3440000,256.4263
3450000,255.48659
3460000,255.41896
3470000,254.71103
3480000,254.9745
3490000,254.15236
3500000,251.96695
3510000,253.05556
3520000,253.7782
3530000,254.09276
3540000,253.12071
3550000,255.16936
3560000,253.07275
3570000,255.47652
3580000,254.99603
3590000,254.36987
3600000,253.64978
3610000,255.07457
3620000,254.99576
3630000,254.39914
3640000,251.96799
3650000,255.09906
3660000,255.46129
3670000,256.1532
3680000,255.73419
3690000,255.03293
3700000,255.52748
3710000,255.41562
3720000,256.65735
3730000,256.33447
3740000,257.72165
3750000,255.04686
3760000,255.96803
3770000,254.57024
3780000,251.78665
3790000,251.85034
3800000,253.34193
3810000,252.76804
3820000,254.33249
3830000,255.60027
3840000,254.93585
3850000,254.78513
3860000,254.00365
3870000,257.05472
3880000,255.44453
3890000,255.72076
3900000,254.68437
3910000,254.6318
3920000,255.77832
3930000,255.91026
3940000,254.97316
3950000,253.44289
3960000,255.02255
3970000,254.3823
3980000,255.07385
3990000,255.23012
4000000,254.91235
4010000,253.82964
4020000,254.13086
4030000,255.24815
4040000,253.89702
4050000,251.79803
4060000,254.35454
4070000,254.26633
4080000,255.2753
4090000,254.54987
4100000,255.22173
4110000,254.23468
4120000,254.74298
4130000,253.42436
4140000,255.29135
4150000,253.44092
4160000,255.11172
4170000,254.45454
4180000,254.62755
4190000,252.97704
4200000,255.04225
4210000,254.4389
4220000,255.63374
4230000,254.59393
4240000,254.21347
4250000,252.74818
4260000,253.41458
4270000,251.92462
4280000,254.8273
4290000,254.89006
4300000,255.25572
4310000,255.14337
4320000,254.45276
4330000,254.8325
4340000,256.30283
4350000,254.82147
4360000,252.89502
4370000,253.23312
4380000,252.64047
4390000,252.7148
4400000,255.66895
4410000,252.64067
4420000,252.89954
4430000,253.85425
4440000,255.29976
4450000,252.2942
4460000,253.70175
4470000,250.98279
4480000,257.20416
4490000,255.4911
4500000,254.54892
4510000,254.40154
4520000,254.30542
4530000,253.26752
4540000,252.04762
4550000,252.9365
4560000,253.53958
4570000,252.58463
4580000,252.1682
4590000,253.91113
4600000,251.7107
4610000,254.3492
4620000,254.33646
4630000,251.85446
4640000,251.19287
4650000,251.90205
4660000,254.78963
4670000,255.17265
4680000,254.95781
4690000,191.11989
4700000,255.67975
4710000,254.94809
4720000,255.51244
4730000,252.54898
4740000,251.81789
4750000,251.88419
4760000,253.56197
4770000,252.30756
4780000,251.68758
4790000,253.0529
4800000,252.51753
4810000,251.71774
4820000,255.39313
4830000,254.61694
4840000,254.06181
4850000,254.71439
4860000,254.63332
4870000,254.25092
4880000,250.31097
4890000,252.20663
4900000,253.70743
4910000,255.57697
4920000,254.69466
4930000,254.89203
4940000,254.76894
4950000,253.25496
4960000,254.76097
4970000,254.30402
4980000,251.75404
4990000,253.51753
5000000,250.45091
5010000,250.8993
5020000,250.47012
5030000,251.62733
5040000,253.06802
5050000,251.34825
5060000,252.52974
5070000,253.95804
5080000,256.55377
5090000,256.2426
5100000,253.90413
5110000,256.65805
5120000,255.69437
5130000,256.0418
5140000,255.643
5150000,255.64163
5160000,255.34927
5170000,254.34145
5180000,254.94995
5190000,253.0303
5200000,254.92816
5210000,254.49892
5220000,253.84918
5230000,253.49356
5240000,253.29747
5250000,251.5568
5260000,251.03651
5270000,254.231
5280000,202.9018
5290000,255.33867
5300000,256.0862
5310000,254.64406
5320000,256.02365
5330000,256.13766
5340000,254.47658
5350000,255.22086
5360000,254.6058
5370000,255.66695
5380000,256.55887
5390000,255.16043
5400000,254.86133
5410000,256.26227
5420000,254.78638
5430000,250.83379
5440000,254.38412
5450000,255.30432
5460000,255.825
5470000,255.62892
5480000,256.58112
5490000,256.7542
5500000,253.99564
5510000,253.77675
5520000,254.06084
5530000,256.11057
5540000,255.60713
5550000,253.93755
5560000,249.67946
5570000,255.98279
5580000,251.04489
5590000,255.22804
5600000,255.54997
5610000,256.66028
5620000,255.38843
5630000,255.98297
5640000,254.81538
5650000,256.88626
5660000,254.87082
5670000,255.51509
5680000,255.5708
5690000,254.56369
5700000,253.17357
5710000,253.58723
5720000,254.77777
5730000,254.9524
5740000,256.98416
5750000,256.66254
5760000,256.66342
5770000,257.10345
5780000,257.0947
5790000,254.37666
5800000,256.14777
5810000,254.86595
5820000,255.74911
5830000,255.73335
5840000,254.647
5850000,251.78813
5860000,252.45445
5870000,254.03847
5880000,253.61737
5890000,253.40236
5900000,253.11703
5910000,254.72894
5920000,252.71214
5930000,252.83675
5940000,254.45047
5950000,253.49704
5960000,253.03094
5970000,252.48958
5980000,250.14565
5990000,254.8521
6000000,249.43771
6010000,253.4758
6020000,254.46793
6030000,255.20126
6040000,254.80608
6050000,253.97623
6060000,254.62672
6070000,253.47392
6080000,254.33203
6090000,255.54391
6100000,254.07889
6110000,252.8933
6120000,251.51933
6130000,251.41919
6140000,253.3716
6150000,254.07732
6160000,253.21977
6170000,250.30656
6180000,248.9747
6190000,251.26297
6200000,255.6299
6210000,254.99936
6220000,254.56352
6230000,247.91599
6240000,254.63573
6250000,254.96535
6260000,256.70007
6270000,255.59753
6280000,256.03314
6290000,255.53792
6300000,251.59335
6310000,256.2501
6320000,256.85684
6330000,257.0737
6340000,256.1944
6350000,256.3485
6360000,256.31555
6370000,251.56946
6380000,251.91878
6390000,255.50153
6400000,255.94849
6410000,255.92119
6420000,256.24966
6430000,257.39597
6440000,256.29193
6450000,256.42258
6460000,256.71265
6470000,256.77997
6480000,255.99486
6490000,254.12532
6500000,256.09424
6510000,256.01035
6520000,253.74634
6530000,255.93646
6540000,256.21545
6550000,249.50584
6560000,256.95874
6570000,257.4348
6580000,257.77887
6590000,256.0906
6600000,253.82384
6610000,256.09766
6620000,251.29898
6630000,253.36942
6640000,255.48132
6650000,255.48778
6660000,255.92958
6670000,201.95366
6680000,252.09212
6690000,255.22621
6700000,250.44946
6710000,254.98157
6720000,256.63052
6730000,256.8998
6740000,256.27438
6750000,254.90921
6760000,254.88559
6770000,254.82047
6780000,252.04547
6790000,251.56561
6800000,251.48259
6810000,249.20065
6820000,251.63362
6830000,252.37558
6840000,251.84746
6850000,251.58784
6860000,251.5281
6870000,255.01614
6880000,255.87459
6890000,256.33273
6900000,255.55272
6910000,256.25143
6920000,254.03177
6930000,253.75989
6940000,252.36299
6950000,253.53957
6960000,254.44843
6970000,254.99939
6980000,253.84659
6990000,252.06042
7000000,252.55626
7010000,253.17035
7020000,251.90804
7030000,254.629
7040000,254.43118
7050000,254.27077
7060000,253.1362
7070000,255.08524
7080000,256.3833
7090000,253.83563
7100000,253.2684
7110000,255.72958
7120000,255.90627
7130000,257.0398
7140000,256.74265
7150000,257.5458
7160000,255.12468
7170000,257.07715
7180000,256.5041
7190000,256.13043
7200000,255.48788
7210000,255.34915
7220000,256.02124
7230000,254.95773
7240000,252.57545
7250000,256.28125
7260000,252.9662
7270000,254.38525
7280000,253.39293
7290000,254.71466
7300000,254.36832
7310000,253.207
7320000,251.44717
7330000,250.91302
7340000,252.13799
7350000,248.96222
7360000,251.24173
7370000,252.01855
7380000,252.33858
7390000,252.94276
7400000,250.79156
7410000,251.46654
7420000,255.29048
7430000,256.34222
7440000,254.99338
7450000,256.1585
7460000,253.12773
7470000,254.25288
7480000,255.3874
7490000,255.29053
7500000,255.6209
7510000,256.60684
7520000,255.18086
7530000,256.7682
7540000,255.65562
7550000,256.74292
7560000,255.54968
7570000,256.0542
7580000,254.22862
7590000,255.18005
7600000,255.14511
7610000,255.32854
7620000,254.61053
7630000,253.85
7640000,255.19841
7650000,255.27399
7660000,254.26418
7670000,255.52873
7680000,253.05379
7690000,254.87079
7700000,256.15875
7710000,256.1708
7720000,254.74619
7730000,256.39423
7740000,255.07993
7750000,255.79974
7760000,255.82224
7770000,256.13824
7780000,255.5887
7790000,249.18861
7800000,256.04367
7810000,237.99872
7820000,242.59258
7830000,256.40445
7840000,251.90714
7850000,256.1071
7860000,256.72552
7870000,254.85683
7880000,254.97438
7890000,253.69324
7900000,255.1339
7910000,255.25514
7920000,255.55176
7930000,254.95924
7940000,253.8611
7950000,255.3222
7960000,254.89565
7970000,256.35074
7980000,255.46019
7990000,254.52899
8000000,252.6302
8010000,254.42714
8020000,255.11707
8030000,254.80202
8040000,254.91667
8050000,254.5528
8060000,253.6331
8070000,253.2688
8080000,252.77817
8090000,253.70224
8100000,253.5293
8110000,253.2433
8120000,254.6541
8130000,253.8835
8140000,251.08539
8150000,250.5156
8160000,249.87737
8170000,254.11404
8180000,252.47871
8190000,250.86417
8200000,252.1663
8210000,250.56566
8220000,250.88272
8230000,250.75443
8240000,249.90488
8250000,247.98878
8260000,249.89758
8270000,248.67285
8280000,244.17706
8290000,245.46333
8300000,247.34055
8310000,249.68408
8320000,248.78061
8330000,249.11401
8340000,246.57689
8350000,249.7687
8360000,248.60776
8370000,245.3787
8380000,247.2285
8390000,249.39801
8400000,248.70036
8410000,251.85771
8420000,251.63818
8430000,252.0963
8440000,251.74393
8450000,251.26071
8460000,254.38467
8470000,255.61967
8480000,255.34303
8490000,256.0092
8500000,256.97366
8510000,254.86966
8520000,255.30629
8530000,255.52737
8540000,255.93764
8550000,256.04593
8560000,252.49188
8570000,253.47243
8580000,254.03894
8590000,254.32346
8600000,253.1539
8610000,251.82617
8620000,250.49216
8630000,248.10225
8640000,246.9289
8650000,252.63162
8660000,249.86073
8670000,250.27997
8680000,252.83865
8690000,253.79672
8700000,253.84097
8710000,255.7846
8720000,254.81941
8730000,254.80826
8740000,253.40704
8750000,252.74236
8760000,255.39096
8770000,254.95465
8780000,255.84732
8790000,256.77213
8800000,256.9524
8810000,256.73352
8820000,255.2986
8830000,254.71283
8840000,251.45654
8850000,249.33282
8860000,253.67946
8870000,254.00563
8880000,253.73859
8890000,253.88148
8900000,209.37529
8910000,253.9839
8920000,252.43582
8930000,254.42094
8940000,255.66635
8950000,253.56253
8960000,255.35681
8970000,255.07257
8980000,255.89517
8990000,254.738
9000000,256.30722
9010000,254.50923
9020000,204.17065
9030000,255.44214
9040000,254.812
9050000,255.3412
9060000,256.80853
9070000,254.52289
9080000,254.77702
9090000,253.79332
9100000,254.87523
9110000,254.79266
9120000,254.66644
9130000,254.72838
9140000,254.6587
9150000,255.08876
9160000,253.96771
9170000,253.89906
9180000,255.38704
9190000,254.41614
9200000,253.11014
9210000,255.41805
9220000,254.85397
9230000,255.14908
9240000,254.77536
9250000,253.39917
9260000,255.27985
9270000,255.08438
9280000,256.15936
9290000,256.22617
9300000,257.1335
9310000,256.37265
9320000,256.61667
9330000,256.35995
9340000,256.65152
9350000,256.66336
9360000,257.45682
9370000,257.22998
9380000,256.25467
9390000,257.4518
9400000,256.68314
9410000,256.43613
9420000,256.77682
9430000,255.82535
9440000,253.87749
9450000,254.8456
9460000,255.98764
9470000,256.22714
9480000,254.85971
9490000,256.0414
9500000,256.54333
9510000,256.0098
9520000,257.5818
9530000,256.92813
9540000,256.47946
9550000,256.79684
9560000,256.30875
9570000,255.21089
9580000,256.88882
9590000,253.01604
9600000,255.96948
9610000,255.83163
9620000,254.9377
9630000,254.33667
9640000,254.68788
9650000,253.92404
9660000,255.13153
9670000,255.46005
9680000,250.68004
9690000,250.64732
9700000,252.01492
9710000,253.83685
9720000,255.17961
9730000,256.4488
9740000,256.32507
9750000,256.58405
9760000,257.17575
9770000,256.74606
9780000,257.6453
9790000,257.4386
9800000,256.47327
9810000,256.08426
9820000,257.16226
9830000,256.5457
9840000,257.06842
9850000,256.23022
9860000,258.25052
9870000,256.29465
9880000,255.56616
9890000,258.36435
9900000,257.16165
9910000,256.89432
9920000,257.5918
9930000,257.09
9940000,256.01566
9950000,256.2138
9960000,255.61342
9970000,256.1889
9980000,254.9034
9990000,255.20364
10000000,254.68808
